<root>
    <informacija id="1">
        <Title>God of War</Title>
        <Genres>Action-Advanture</Genres>
        <Publisher>Sony Interactive Entertainment</Publisher>
        <Developer>Santa Monica Studio</Developer>
        <Year>2018</Year>
        <Platforms>Playstation/Windows</Platforms>
        <Slika><img src="GOW.jpg"></img></Slika>
    </informacija>

    <informacija id="2">
        <Title>Marvel's Spider-Man</Title>
        <Genres>Action-Advanture</Genres>
        <Publisher>Sony Interactive Entertainment</Publisher>
        <Developer>Insomniac Games</Developer>
        <Year>2018</Year>
        <Platforms>Playstation/Windows</Platforms>
    </informacija>
    
    <informacija id="3">
        <Title>Tom Clancy's Rainbow Six Siege</Title>
        <Genres>Tactical Shooter</Genres>
        <Publisher>Ubisoft</Publisher>
        <Developer>Ubisoft Montreal</Developer>
        <Year>2015</Year>
        <Platforms>Playstation/Xbox/Windows</Platforms>
    </informacija>

    <informacija id="4">
        <Title>Dishonored</Title>
        <Genres>Action-Advanture, Stealth</Genres>
        <Publisher>Bethesda Softworks</Publisher>
        <Developer>Arkane Studio</Developer>
        <Year>2012</Year>
        <Platforms>Playstation/Xbox/Windows</Platforms>
    </informacija>

    <informacija id="5">
        <Title>Trackmania</Title>
        <Genres>Racing</Genres>
        <Publisher>Ubisoft</Publisher>
        <Developer>Ubisoft Nadeo</Developer>
        <Year>2020</Year>
        <Platforms>Playstation/Xbox/Windows</Platforms>
    </informacija>

</root>